companyId:ID(Company),name:string,fullname:string,:LABEL
000001.SZ,平安银行,平安银行股份有限公司,Company
000002.SZ,万科A,万科企业股份有限公司,Company
000005.SZ,世纪星源,深圳世纪星源股份有限公司,Company
000006.SZ,深振业A,深圳市振业(集团)股份有限公司,Company
000007.SZ,全新好,深圳市全新好股份有限公司,Company
000009.SZ,中国宝安,中国宝安集团股份有限公司,Company
000011.SZ,深物业A,深圳市物业发展(集团)股份有限公司,Company
000014.SZ,沙河股份,沙河实业股份有限公司,Company
000021.SZ,深科技,深圳长城开发科技股份有限公司,Company
000029.SZ,深深房A,深圳经济特区房地产(集团)股份有限公司,Company
000031.SZ,大悦城,大悦城控股集团股份有限公司,Company
000032.SZ,深桑达A,深圳市桑达实业股份有限公司,Company
000035.SZ,中国天楹,中国天楹股份有限公司,Company
000036.SZ,华联控股,华联控股股份有限公司,Company
000038.SZ,深大通,深圳大通实业股份有限公司,Company
000040.SZ,东旭蓝天,东旭蓝天新能源股份有限公司,Company
000042.SZ,中洲控股,深圳市中洲投资控股股份有限公司,Company
000046.SZ,泛海控股,泛海控股股份有限公司,Company
000056.SZ,皇庭国际,深圳市皇庭国际企业股份有限公司,Company
000060.SZ,中金岭南,深圳市中金岭南有色金属股份有限公司,Company
000063.SZ,中兴通讯,中兴通讯股份有限公司,Company
000066.SZ,中国长城,中国长城科技集团股份有限公司,Company
000069.SZ,华侨城A,深圳华侨城股份有限公司,Company
000070.SZ,特发信息,深圳市特发信息股份有限公司,Company
000166.SZ,申万宏源,申万宏源集团股份有限公司,Company
000402.SZ,金融街,金融街控股股份有限公司,Company
000415.SZ,渤海租赁,渤海租赁股份有限公司,Company
000426.SZ,兴业矿业,内蒙古兴业矿业股份有限公司,Company
000428.SZ,华天酒店,华天酒店集团股份有限公司,Company
000430.SZ,张家界,张家界旅游集团股份有限公司,Company
000502.SZ,绿景控股,绿景控股股份有限公司,Company
000503.SZ,国新健康,国新健康保障服务集团股份有限公司,Company
000505.SZ,京粮控股,海南京粮控股股份有限公司,Company
000506.SZ,中润资源,中润资源投资股份有限公司,Company
000510.SZ,新金路,四川新金路集团股份有限公司,Company
000514.SZ,渝开发,重庆渝开发股份有限公司,Company
000517.SZ,荣安地产,荣安地产股份有限公司,Company
000523.SZ,广州浪奇,广州市浪奇实业股份有限公司,Company
000524.SZ,岭南控股,广州岭南集团控股股份有限公司,Company
000526.SZ,紫光学大,厦门紫光学大股份有限公司,Company
000532.SZ,华金资本,珠海华金资本股份有限公司,Company
000534.SZ,万泽股份,万泽实业股份有限公司,Company
000537.SZ,广宇发展,天津广宇发展股份有限公司,Company
000540.SZ,中天金融,中天金融集团股份有限公司,Company
000545.SZ,金浦钛业,金浦钛业股份有限公司,Company
000547.SZ,航天发展,航天工业发展股份有限公司,Company
000555.SZ,神州信息,神州数码信息服务股份有限公司,Company
000558.SZ,莱茵体育,莱茵达体育发展股份有限公司,Company
000561.SZ,烽火电子,陕西烽火电子股份有限公司,Company
000563.SZ,陕国投A,陕西省国际信托股份有限公司,Company
000565.SZ,渝三峡A,重庆三峡油漆股份有限公司,Company
000567.SZ,海德股份,海南海德资本管理股份有限公司,Company
000573.SZ,粤宏远A,东莞宏远工业区股份有限公司,Company
000586.SZ,汇源通信,四川汇源光通信股份有限公司,Company
000587.SZ,*ST金洲,金洲慈航集团股份有限公司,Company
000603.SZ,盛达资源,盛达金属资源股份有限公司,Company
000608.SZ,阳光股份,阳光新业地产股份有限公司,Company
000609.SZ,中迪投资,北京中迪投资股份有限公司,Company
000610.SZ,西安旅游,西安旅游股份有限公司,Company
000612.SZ,焦作万方,焦作万方铝业股份有限公司,Company
000613.SZ,大东海A,海南大东海旅游中心股份有限公司,Company
000616.SZ,海航投资,海航投资集团股份有限公司,Company
000620.SZ,新华联,新华联文化旅游发展股份有限公司,Company
000627.SZ,天茂集团,天茂实业集团股份有限公司,Company
000630.SZ,铜陵有色,铜陵有色金属集团股份有限公司,Company
000631.SZ,顺发恒业,顺发恒业股份公司,Company
000635.SZ,英力特,宁夏英力特化工股份有限公司,Company
000656.SZ,金科股份,金科地产集团股份有限公司,Company
000657.SZ,中钨高新,中钨高新材料股份有限公司,Company
000662.SZ,*ST天夏,天夏智慧城市科技股份有限公司,Company
000667.SZ,美好置业,美好置业集团股份有限公司,Company
000668.SZ,荣丰控股,荣丰控股集团股份有限公司,Company
000671.SZ,阳光城,阳光城集团股份有限公司,Company
000681.SZ,视觉中国,视觉(中国)文化发展股份有限公司,Company
000683.SZ,远兴能源,内蒙古远兴能源股份有限公司,Company
000686.SZ,东北证券,东北证券股份有限公司,Company
000691.SZ,亚太实业,海南亚太实业发展股份有限公司,Company
000697.SZ,炼石航空,炼石航空科技股份有限公司,Company
000698.SZ,沈阳化工,沈阳化工股份有限公司,Company
000707.SZ,ST双环,湖北双环科技股份有限公司,Company
000711.SZ,京蓝科技,京蓝科技股份有限公司,Company
000712.SZ,锦龙股份,广东锦龙发展股份有限公司,Company
000718.SZ,苏宁环球,苏宁环球股份有限公司,Company
000721.SZ,西安饮食,西安饮食股份有限公司,Company
000728.SZ,国元证券,国元证券股份有限公司,Company
000732.SZ,泰禾集团,泰禾集团股份有限公司,Company
000736.SZ,中交地产,中交地产股份有限公司,Company
000737.SZ,ST南风,南风化工集团股份有限公司,Company
000750.SZ,国海证券,国海证券股份有限公司,Company
000751.SZ,锌业股份,葫芦岛锌业股份有限公司,Company
000755.SZ,山西路桥,山西路桥股份有限公司,Company
000758.SZ,中色股份,中国有色金属建设股份有限公司,Company
000762.SZ,西藏矿业,西藏矿业发展股份有限公司,Company
000776.SZ,广发证券,广发证券股份有限公司,Company
000783.SZ,长江证券,长江证券股份有限公司,Company
000797.SZ,中国武夷,中国武夷实业股份有限公司,Company
000801.SZ,四川九洲,四川九洲电器股份有限公司,Company
000802.SZ,北京文化,北京京西文化旅游股份有限公司,Company
000807.SZ,云铝股份,云南铝业股份有限公司,Company
000809.SZ,铁岭新城,铁岭新城投资控股(集团)股份有限公司,Company
000818.SZ,航锦科技,航锦科技股份有限公司,Company
000822.SZ,山东海化,山东海化股份有限公司,Company
000831.SZ,五矿稀土,五矿稀土股份有限公司,Company
000836.SZ,富通鑫茂,天津富通鑫茂科技股份有限公司,Company
000838.SZ,财信发展,财信地产发展集团股份有限公司,Company
000851.SZ,高鸿股份,大唐高鸿数据网络技术股份有限公司,Company
000861.SZ,海印股份,广东海印集团股份有限公司,Company
000863.SZ,三湘印象,三湘印象股份有限公司,Company
000878.SZ,云南铜业,云南铜业股份有限公司,Company
000887.SZ,中鼎股份,安徽中鼎密封件股份有限公司,Company
000888.SZ,峨眉山A,峨眉山旅游股份有限公司,Company
000892.SZ,欢瑞世纪,欢瑞世纪联合股份有限公司,Company
000897.SZ,津滨发展,天津津滨发展股份有限公司,Company
000918.SZ,嘉凯城,嘉凯城集团股份有限公司,Company
000926.SZ,福星股份,湖北福星科技股份有限公司,Company
000931.SZ,中关村,北京中关村科技发展(控股)股份有限公司,Company
000938.SZ,紫光股份,紫光股份有限公司,Company
000948.SZ,南天信息,云南南天电子信息产业股份有限公司,Company
000960.SZ,锡业股份,云南锡业股份有限公司,Company
000962.SZ,东方钽业,宁夏东方钽业股份有限公司,Company
000965.SZ,天保基建,天津天保基建股份有限公司,Company
000970.SZ,中科三环,北京中科三环高技术股份有限公司,Company
000977.SZ,浪潮信息,浪潮电子信息产业股份有限公司,Company
000978.SZ,桂林旅游,桂林旅游股份有限公司,Company
000981.SZ,*ST银亿,银亿股份有限公司,Company
000985.SZ,大庆华科,大庆华科股份有限公司,Company
000990.SZ,诚志股份,诚志股份有限公司,Company
000997.SZ,新大陆,新大陆数字技术股份有限公司,Company
001914.SZ,招商积余,招商局积余产业运营服务股份有限公司,Company
002010.SZ,传化智联,传化智联股份有限公司,Company
002014.SZ,永新股份,黄山永新股份有限公司,Company
002016.SZ,世荣兆业,广东世荣兆业股份有限公司,Company
002017.SZ,东信和平,东信和平科技股份有限公司,Company
002027.SZ,分众传媒,分众传媒信息技术股份有限公司,Company
002033.SZ,丽江股份,丽江玉龙旅游股份有限公司,Company
002037.SZ,保利联合,保利联合化工控股集团股份有限公司,Company
002052.SZ,*ST同洲,深圳市同洲电子股份有限公司,Company
002053.SZ,云南能投,云南能源投资股份有限公司,Company
002054.SZ,德美化工,广东德美精细化工集团股份有限公司,Company
002059.SZ,云南旅游,云南旅游股份有限公司,Company
002061.SZ,浙江交科,浙江交通科技股份有限公司,Company
002063.SZ,远光软件,远光软件股份有限公司,Company
002065.SZ,东华软件,东华软件股份公司,Company
002068.SZ,黑猫股份,江西黑猫炭黑股份有限公司,Company
002073.SZ,软控股份,软控股份有限公司,Company
002077.SZ,*ST大港,江苏大港股份有限公司,Company
002082.SZ,万邦德,万邦德医药控股集团股份有限公司,Company
002089.SZ,ST新海,新海宜科技集团股份有限公司,Company
002090.SZ,金智科技,江苏金智科技股份有限公司,Company
002092.SZ,中泰化学,新疆中泰化学股份有限公司,Company
002093.SZ,国脉科技,国脉科技股份有限公司,Company
002094.SZ,青岛金王,青岛金王应用化学股份有限公司,Company
002095.SZ,生意宝,浙江网盛生意宝股份有限公司,Company
002096.SZ,南岭民爆,湖南南岭民用爆破器材股份有限公司,Company
002109.SZ,兴化股份,陕西兴化化学股份有限公司,Company
002114.SZ,罗平锌电,云南罗平锌电股份有限公司,Company
002115.SZ,三维通信,三维通信股份有限公司,Company
002125.SZ,湘潭电化,湘潭电化科技股份有限公司,Company
002133.SZ,广宇集团,广宇集团股份有限公司,Company
002136.SZ,安纳达,安徽安纳达钛业股份有限公司,Company
002142.SZ,宁波银行,宁波银行股份有限公司,Company
002145.SZ,中核钛白,中核华原钛白股份有限公司,Company
002146.SZ,荣盛发展,荣盛房地产发展股份有限公司,Company
002148.SZ,北纬科技,北京北纬通信科技股份有限公司,Company
002149.SZ,西部材料,西部金属材料股份有限公司,Company
002151.SZ,北斗星通,北京北斗星通导航技术股份有限公司,Company
002152.SZ,广电运通,广州广电运通金融电子股份有限公司,Company
002153.SZ,石基信息,北京中长石基信息技术股份有限公司,Company
002155.SZ,湖南黄金,湖南黄金股份有限公司,Company
002159.SZ,三特索道,武汉三特索道集团股份有限公司,Company
002160.SZ,常铝股份,江苏常铝铝业集团股份有限公司,Company
002161.SZ,远望谷,深圳市远望谷信息技术股份有限公司,Company
002165.SZ,红宝丽,红宝丽集团股份有限公司,Company
002167.SZ,东方锆业,广东东方锆业科技股份有限公司,Company
002171.SZ,楚江新材,安徽楚江科技新材料股份有限公司,Company
002174.SZ,游族网络,游族网络股份有限公司,Company
002177.SZ,御银股份,广州御银科技股份有限公司,Company
002180.SZ,纳思达,纳思达股份有限公司,Company
002182.SZ,云海金属,南京云海特种金属股份有限公司,Company
002184.SZ,海得控制,上海海得控制系统股份有限公司,Company
002186.SZ,全聚德,中国全聚德(集团)股份有限公司,Company
002192.SZ,*ST融捷,融捷股份有限公司,Company
002194.SZ,武汉凡谷,武汉凡谷电子技术股份有限公司,Company
002195.SZ,二三四五,上海二三四五网络控股集团股份有限公司,Company
002201.SZ,九鼎新材,江苏九鼎新材料股份有限公司,Company
002203.SZ,海亮股份,浙江海亮股份有限公司,Company
002208.SZ,合肥城建,合肥城建发展股份有限公司,Company
002211.SZ,宏达新材,上海宏达新材料股份有限公司,Company
002217.SZ,合力泰,合力泰科技股份有限公司,Company
002224.SZ,三力士,三力士股份有限公司,Company
002226.SZ,江南化工,安徽江南化工股份有限公司,Company
002230.SZ,科大讯飞,科大讯飞股份有限公司,Company
002231.SZ,奥维通信,奥维通信股份有限公司,Company
002232.SZ,启明信息,启明信息技术股份有限公司,Company
002237.SZ,恒邦股份,山东恒邦冶炼股份有限公司,Company
002244.SZ,滨江集团,杭州滨江房产集团股份有限公司,Company
002246.SZ,北化股份,北方化学工业股份有限公司,Company
002250.SZ,联化科技,联化科技股份有限公司,Company
002253.SZ,川大智胜,四川川大智胜软件股份有限公司,Company
002256.SZ,*ST兆新,深圳市兆新能源股份有限公司,Company
002261.SZ,拓维信息,拓维信息系统股份有限公司,Company
002268.SZ,卫士通,成都卫士通信息产业股份有限公司,Company
002279.SZ,久其软件,北京久其软件股份有限公司,Company
002280.SZ,*ST联络,杭州联络互动信息科技股份有限公司,Company
002281.SZ,光迅科技,武汉光迅科技股份有限公司,Company
002285.SZ,世联行,深圳世联行集团股份有限公司,Company
002295.SZ,精艺股份,广东精艺金属股份有限公司,Company
002296.SZ,辉煌科技,河南辉煌科技股份有限公司,Company
002305.SZ,南国置业,南国置业股份有限公司,Company
002306.SZ,ST云网,中科云网科技集团股份有限公司,Company
002308.SZ,威创股份,威创集团股份有限公司,Company
002312.SZ,三泰控股,成都三泰控股集团股份有限公司,Company
002313.SZ,日海智能,日海智能科技股份有限公司,Company
002315.SZ,焦点科技,焦点科技股份有限公司,Company
002316.SZ,亚联发展,深圳亚联发展科技股份有限公司,Company
002319.SZ,*ST乐通,珠海市乐通化工股份有限公司,Company
002326.SZ,永太科技,浙江永太科技股份有限公司,Company
002331.SZ,皖通科技,安徽皖通科技股份有限公司,Company
002333.SZ,ST罗普,苏州罗普斯金铝业股份有限公司,Company
002340.SZ,格林美,格林美股份有限公司,Company
002341.SZ,新纶科技,深圳市新纶科技股份有限公司,Company
002351.SZ,漫步者,深圳市漫步者科技股份有限公司,Company
002354.SZ,*ST天娱,大连天神娱乐股份有限公司,Company
002360.SZ,同德化工,山西同德化工股份有限公司,Company
002361.SZ,神剑股份,安徽神剑新材料股份有限公司,Company
002362.SZ,汉王科技,汉王科技股份有限公司,Company
002368.SZ,太极股份,太极计算机股份有限公司,Company
002369.SZ,卓翼科技,深圳市卓翼科技股份有限公司,Company
002373.SZ,千方科技,北京千方科技股份有限公司,Company
002376.SZ,新北洋,山东新北洋信息技术股份有限公司,Company
002377.SZ,国创高新,湖北国创高新材料股份有限公司,Company
002378.SZ,章源钨业,崇义章源钨业股份有限公司,Company
002379.SZ,宏创控股,山东宏创铝业控股股份有限公司,Company
002381.SZ,双箭股份,浙江双箭橡胶股份有限公司,Company
002383.SZ,合众思壮,北京合众思壮科技股份有限公司,Company
002384.SZ,东山精密,苏州东山精密制造股份有限公司,Company
002386.SZ,天原集团,宜宾天原集团股份有限公司,Company
002395.SZ,双象股份,无锡双象超纤材料股份有限公司,Company
002396.SZ,星网锐捷,福建星网锐捷通讯股份有限公司,Company
002401.SZ,中远海科,中远海运科技股份有限公司,Company
002405.SZ,四维图新,北京四维图新科技股份有限公司,Company
002407.SZ,多氟多,多氟多化工股份有限公司,Company
002408.SZ,齐翔腾达,淄博齐翔腾达化工股份有限公司,Company
002409.SZ,雅克科技,江苏雅克科技股份有限公司,Company
002410.SZ,广联达,广联达科技股份有限公司,Company
002411.SZ,延安必康,延安必康制药股份有限公司,Company
002417.SZ,深南股份,深南金科股份有限公司,Company
002421.SZ,达实智能,深圳达实智能股份有限公司,Company
002428.SZ,云南锗业,云南临沧鑫圆锗业股份有限公司,Company
002439.SZ,启明星辰,启明星辰信息技术集团股份有限公司,Company
002440.SZ,闰土股份,浙江闰土股份有限公司,Company
002442.SZ,龙星化工,龙星化工股份有限公司,Company
002446.SZ,盛路通信,广东盛路通信科技股份有限公司,Company
002453.SZ,华软科技,金陵华软科技股份有限公司,Company
002455.SZ,百川股份,江苏百川高科新材料股份有限公司,Company
002460.SZ,赣锋锂业,江西赣锋锂业股份有限公司,Company
002465.SZ,海格通信,广州海格通信集团股份有限公司,Company
002466.SZ,天齐锂业,天齐锂业股份有限公司,Company
002467.SZ,二六三,二六三网络通信股份有限公司,Company
002474.SZ,榕基软件,福建榕基软件股份有限公司,Company
002476.SZ,宝莫股份,山东宝莫生物化工股份有限公司,Company
002491.SZ,通鼎互联,通鼎互联信息股份有限公司,Company
002497.SZ,雅化集团,四川雅化实业集团股份有限公司,Company
002500.SZ,山西证券,山西证券股份有限公司,Company
002501.SZ,*ST利源,吉林利源精制股份有限公司,Company
002519.SZ,银河电子,江苏银河电子股份有限公司,Company
002528.SZ,英飞拓,深圳英飞拓科技股份有限公司,Company
002540.SZ,亚太科技,江苏亚太轻合金科技股份有限公司,Company
002544.SZ,杰赛科技,广州杰赛科技股份有限公司,Company
002547.SZ,春兴精工,苏州春兴精工股份有限公司,Company
002558.SZ,巨人网络,巨人网络集团股份有限公司,Company
002562.SZ,兄弟科技,兄弟科技股份有限公司,Company
002577.SZ,雷柏科技,深圳雷柏科技股份有限公司,Company
002578.SZ,闽发铝业,福建省闽发铝业股份有限公司,Company
002581.SZ,未名医药,山东未名生物医药股份有限公司,Company
002583.SZ,海能达,海能达通信股份有限公司,Company
002584.SZ,西陇科学,西陇科学股份有限公司,Company
002597.SZ,金禾实业,安徽金禾实业股份有限公司,Company
002601.SZ,龙蟒佰利,龙蟒佰利联集团股份有限公司,Company
002609.SZ,捷顺科技,深圳市捷顺科技实业股份有限公司,Company
002617.SZ,露笑科技,露笑科技股份有限公司,Company
002632.SZ,道明光学,道明光学股份有限公司,Company
002635.SZ,安洁科技,苏州安洁科技股份有限公司,Company
002637.SZ,赞宇科技,赞宇科技集团股份有限公司,Company
002642.SZ,荣联科技,荣联科技集团股份有限公司,Company
002643.SZ,万润股份,中节能万润股份有限公司,Company
002648.SZ,卫星石化,浙江卫星石化股份有限公司,Company
002649.SZ,博彦科技,博彦科技股份有限公司,Company
002657.SZ,中科金财,北京中科金财科技股份有限公司,Company
002666.SZ,德联集团,广东德联集团股份有限公司,Company
002669.SZ,康达新材,上海康达化工新材料集团股份有限公司,Company
002673.SZ,西部证券,西部证券股份有限公司,Company
002683.SZ,宏大爆破,广东宏大爆破股份有限公司,Company
002707.SZ,众信旅游,众信旅游集团股份有限公司,Company
002709.SZ,天赐材料,广州天赐高新材料股份有限公司,Company
002736.SZ,国信证券,国信证券股份有限公司,Company
002741.SZ,光华科技,广东光华科技股份有限公司,Company
002748.SZ,世龙实业,江西世龙实业股份有限公司,Company
300002.SZ,神州泰岳,北京神州泰岳软件股份有限公司,Company
300010.SZ,豆神教育,豆神教育科技(北京)股份有限公司,Company
300017.SZ,网宿科技,网宿科技股份有限公司,Company
300019.SZ,硅宝科技,成都硅宝科技股份有限公司,Company
300020.SZ,银江股份,银江股份有限公司,Company
300025.SZ,华星创业,杭州华星创业通信技术股份有限公司,Company
300031.SZ,宝通科技,无锡宝通科技股份有限公司,Company
300033.SZ,同花顺,浙江核新同花顺网络信息股份有限公司,Company
300034.SZ,钢研高纳,北京钢研高纳科技股份有限公司,Company
300036.SZ,超图软件,北京超图软件股份有限公司,Company
300037.SZ,新宙邦,深圳新宙邦科技股份有限公司,Company
300038.SZ,数知科技,北京数知科技股份有限公司,Company
300041.SZ,回天新材,湖北回天新材料股份有限公司,Company
300042.SZ,朗科科技,深圳市朗科科技股份有限公司,Company
300044.SZ,赛为智能,深圳市赛为智能股份有限公司,Company
300045.SZ,华力创通,北京华力创通科技股份有限公司,Company
300047.SZ,天源迪科,深圳天源迪科信息技术股份有限公司,Company
300050.SZ,世纪鼎利,珠海世纪鼎利科技股份有限公司,Company
300051.SZ,三五互联,厦门三五互联科技股份有限公司,Company
300052.SZ,中青宝,深圳中青宝互动网络股份有限公司,Company
300054.SZ,鼎龙股份,湖北鼎龙控股股份有限公司,Company
300059.SZ,东方财富,东方财富信息股份有限公司,Company
300063.SZ,天龙集团,广东天龙油墨集团股份有限公司,Company
300065.SZ,海兰信,北京海兰信数据科技股份有限公司,Company
300067.SZ,安诺其,上海安诺其集团股份有限公司,Company
300072.SZ,三聚环保,北京三聚环保新材料股份有限公司,Company
300074.SZ,华平股份,华平信息技术股份有限公司,Company
300075.SZ,数字政通,北京数字政通科技股份有限公司,Company
300076.SZ,GQY视讯,宁波GQY视讯股份有限公司,Company
300079.SZ,数码科技,北京数码视讯科技股份有限公司,Company
300081.SZ,恒信东方,恒信东方文化股份有限公司,Company
300082.SZ,奥克股份,辽宁奥克化学股份有限公司,Company
300085.SZ,银之杰,深圳市银之杰科技股份有限公司,Company
300096.SZ,易联众,易联众信息技术股份有限公司,Company
300098.SZ,高新兴,高新兴科技集团股份有限公司,Company
300101.SZ,振芯科技,成都振芯科技股份有限公司,Company
300107.SZ,建新股份,河北建新化工股份有限公司,Company
300108.SZ,吉药控股,吉药控股集团股份有限公司,Company
300109.SZ,新开源,博爱新开源医疗科技集团股份有限公司,Company
300113.SZ,顺网科技,杭州顺网科技股份有限公司,Company
300121.SZ,阳谷华泰,山东阳谷华泰化工股份有限公司,Company
300130.SZ,新国都,深圳市新国都股份有限公司,Company
300132.SZ,青松股份,福建青松股份有限公司,Company
300134.SZ,大富科技,大富科技(安徽)股份有限公司,Company
300135.SZ,宝利国际,江苏宝利国际投资股份有限公司,Company
300136.SZ,信维通信,深圳市信维通信股份有限公司,Company
300144.SZ,宋城演艺,宋城演艺发展股份有限公司,Company
300150.SZ,世纪瑞尔,北京世纪瑞尔技术股份有限公司,Company
300166.SZ,东方国信,北京东方国信科技股份有限公司,Company
300167.SZ,迪威迅,深圳市迪威迅股份有限公司,Company
300168.SZ,万达信息,万达信息股份有限公司,Company
300170.SZ,汉得信息,上海汉得信息技术股份有限公司,Company
300174.SZ,元力股份,福建元力活性炭股份有限公司,Company
300177.SZ,中海达,广州中海达卫星导航技术股份有限公司,Company
300178.SZ,腾邦国际,腾邦国际商业服务集团股份有限公司,Company
300182.SZ,捷成股份,北京捷成世纪科技股份有限公司,Company
300183.SZ,东软载波,青岛东软载波科技股份有限公司,Company
300188.SZ,美亚柏科,厦门市美亚柏科信息股份有限公司,Company
300192.SZ,科斯伍德,苏州科斯伍德油墨股份有限公司,Company
300200.SZ,高盟新材,北京高盟新材料股份有限公司,Company
300209.SZ,天泽信息,天泽信息产业股份有限公司,Company
300211.SZ,亿通科技,江苏亿通高科技股份有限公司,Company
300212.SZ,易华录,北京易华录信息技术股份有限公司,Company
300213.SZ,佳讯飞鸿,北京佳讯飞鸿电气股份有限公司,Company
300214.SZ,日科化学,山东日科化学股份有限公司,Company
300225.SZ,金力泰,上海金力泰化工股份有限公司,Company
300226.SZ,上海钢联,上海钢联电子商务股份有限公司,Company
300229.SZ,拓尔思,拓尔思信息技术股份有限公司,Company
300231.SZ,银信科技,北京银信长远科技股份有限公司,Company
300235.SZ,方直科技,深圳市方直科技股份有限公司,Company
300236.SZ,上海新阳,上海新阳半导体材料股份有限公司,Company
300237.SZ,美晨生态,山东美晨生态环境股份有限公司,Company
300243.SZ,瑞丰高材,山东瑞丰高分子材料股份有限公司,Company
300245.SZ,天玑科技,上海天玑科技股份有限公司,Company
300248.SZ,新开普,新开普电子股份有限公司,Company
300250.SZ,初灵信息,杭州初灵信息技术股份有限公司,Company
300253.SZ,卫宁健康,卫宁健康科技集团股份有限公司,Company
300264.SZ,佳创视讯,深圳市佳创视讯技术股份有限公司,Company
300270.SZ,中威电子,杭州中威电子股份有限公司,Company
300271.SZ,华宇软件,北京华宇软件股份有限公司,Company
300275.SZ,梅安森,重庆梅安森科技股份有限公司,Company
300277.SZ,海联讯,深圳海联讯科技股份有限公司,Company
300282.SZ,三盛教育,三盛智慧教育科技股份有限公司,Company
300285.SZ,国瓷材料,山东国瓷功能材料股份有限公司,Company
300287.SZ,飞利信,北京飞利信科技股份有限公司,Company
300288.SZ,朗玛信息,贵阳朗玛信息技术股份有限公司,Company
300290.SZ,荣科科技,荣科科技股份有限公司,Company
300292.SZ,吴通控股,吴通控股集团股份有限公司,Company
300295.SZ,三六五网,江苏三六五网络股份有限公司,Company
300297.SZ,蓝盾股份,蓝盾信息安全技术股份有限公司,Company
300299.SZ,富春股份,富春科技股份有限公司,Company
300300.SZ,海峡创新,海峡创新互联网股份有限公司,Company
300302.SZ,同有科技,北京同有飞骥科技股份有限公司,Company
300310.SZ,宜通世纪,宜通世纪科技股份有限公司,Company
300311.SZ,任子行,任子行网络技术股份有限公司,Company
300312.SZ,邦讯技术,邦讯技术股份有限公司,Company
300315.SZ,掌趣科技,北京掌趣科技股份有限公司,Company
300320.SZ,海达股份,江阴海达橡塑股份有限公司,Company
300322.SZ,硕贝德,惠州硕贝德无线科技股份有限公司,Company
300324.SZ,旋极信息,北京旋极信息技术股份有限公司,Company
300330.SZ,华虹计通,上海华虹计通智能系统股份有限公司,Company
300333.SZ,兆日科技,深圳兆日科技股份有限公司,Company
300339.SZ,润和软件,江苏润和软件股份有限公司,Company
300343.SZ,联创股份,山东联创产业发展集团股份有限公司,Company
300348.SZ,长亮科技,深圳市长亮科技股份有限公司,Company
300352.SZ,北信源,北京北信源软件股份有限公司,Company
300353.SZ,东土科技,北京东土科技股份有限公司,Company
300359.SZ,全通教育,全通教育集团(广东)股份有限公司,Company
300365.SZ,恒华科技,北京恒华伟业科技股份有限公司,Company
300366.SZ,创意信息,创意信息技术股份有限公司,Company
300367.SZ,ST网力,东方网力科技股份有限公司,Company
300369.SZ,绿盟科技,绿盟科技集团股份有限公司,Company
300377.SZ,赢时胜,深圳市赢时胜信息技术股份有限公司,Company
300378.SZ,鼎捷软件,鼎捷软件股份有限公司,Company
300379.SZ,东方通,北京东方通科技股份有限公司,Company
300380.SZ,安硕信息,上海安硕信息技术股份有限公司,Company
300383.SZ,光环新网,北京光环新网科技股份有限公司,Company
300386.SZ,飞天诚信,飞天诚信科技股份有限公司,Company
300387.SZ,富邦股份,湖北富邦科技股份有限公司,Company
300390.SZ,天华超净,苏州天华超净科技股份有限公司,Company
300392.SZ,腾信股份,北京腾信创新网络营销技术股份有限公司,Company
300394.SZ,天孚通信,苏州天孚光通信股份有限公司,Company
300397.SZ,天和防务,西安天和防务技术股份有限公司,Company
300398.SZ,飞凯材料,上海飞凯光电材料股份有限公司,Company
300399.SZ,京天利,北京无线天利移动信息技术股份有限公司,Company
300405.SZ,科隆股份,辽宁科隆精细化工股份有限公司,Company
300418.SZ,昆仑万维,北京昆仑万维科技股份有限公司,Company
300419.SZ,浩丰科技,北京浩丰创源科技股份有限公司,Company
300429.SZ,强力新材,常州强力电子新材料股份有限公司,Company
300437.SZ,清水源,河南清水源科技股份有限公司,Company
300440.SZ,运达科技,成都运达科技股份有限公司,Company
300446.SZ,ST乐凯,保定乐凯新材料股份有限公司,Company
300448.SZ,浩云科技,浩云科技股份有限公司,Company
300449.SZ,汉邦高科,北京汉邦高科数字技术股份有限公司,Company
600000.SH,浦发银行,上海浦东发展银行股份有限公司,Company
600015.SH,华夏银行,华夏银行股份有限公司,Company
600016.SH,民生银行,中国民生银行股份有限公司,Company
600030.SH,中信证券,中信证券股份有限公司,Company
600036.SH,招商银行,招商银行股份有限公司,Company
600048.SH,保利地产,保利发展控股集团股份有限公司,Company
600050.SH,中国联通,中国联合网络通信股份有限公司,Company
600052.SH,浙江广厦,浙江广厦股份有限公司,Company
600053.SH,九鼎投资,昆吾九鼎投资控股股份有限公司,Company
600054.SH,黄山旅游,黄山旅游发展股份有限公司,Company
600067.SH,冠城大通,冠城大通股份有限公司,Company
600075.SH,新疆天业,新疆天业股份有限公司,Company
600076.SH,康欣新材,康欣新材料股份有限公司,Company
600077.SH,宋都股份,宋都基业投资股份有限公司,Company
600078.SH,澄星股份,江苏澄星磷化工股份有限公司,Company
600082.SH,海泰发展,天津海泰科技发展股份有限公司,Company
600091.SH,ST明科,包头明天科技股份有限公司,Company
600094.SH,大名城,上海大名城企业股份有限公司,Company
600095.SH,湘财股份,湘财股份有限公司,Company
600100.SH,同方股份,同方股份有限公司,Company
600105.SH,永鼎股份,江苏永鼎股份有限公司,Company
600109.SH,国金证券,国金证券股份有限公司,Company
600111.SH,北方稀土,中国北方稀土(集团)高科技股份有限公司,Company
600113.SH,浙江东日,浙江东日股份有限公司,Company
600130.SH,波导股份,宁波波导股份有限公司,Company
600133.SH,东湖高新,武汉东湖高新集团股份有限公司,Company
600135.SH,乐凯胶片,乐凯胶片股份有限公司,Company
600138.SH,中青旅,中青旅控股股份有限公司,Company
600139.SH,西部资源,四川西部资源控股股份有限公司,Company
600141.SH,兴发集团,湖北兴发化工集团股份有限公司,Company
600155.SH,华创阳安,华创阳安股份有限公司,Company
600159.SH,大龙地产,北京市大龙伟业房地产开发股份有限公司,Company
600160.SH,巨化股份,浙江巨化股份有限公司,Company
600162.SH,香江控股,深圳香江控股股份有限公司,Company
600173.SH,卧龙地产,卧龙地产集团股份有限公司,Company
600185.SH,格力地产,格力地产股份有限公司,Company
600198.SH,大唐电信,大唐电信科技股份有限公司,Company
600208.SH,新湖中宝,新湖中宝股份有限公司,Company
600219.SH,南山铝业,山东南山铝业股份有限公司,Company
600223.SH,鲁商发展,鲁商健康产业发展股份有限公司,Company
600225.SH,*ST松江,天津松江股份有限公司,Company
600228.SH,ST昌九,江西昌九生物化工股份有限公司,Company
600229.SH,城市传媒,青岛城市传媒股份有限公司,Company
600239.SH,云南城投,云南城投置业股份有限公司,Company
600246.SH,万通发展,北京万通新发展集团股份有限公司,Company
600249.SH,两面针,柳州两面针股份有限公司,Company
600255.SH,*ST梦舟,安徽鑫科新材料股份有限公司,Company
600258.SH,首旅酒店,北京首旅酒店(集团)股份有限公司,Company
600259.SH,广晟有色,广晟有色金属股份有限公司,Company
600266.SH,城建发展,北京城建投资发展股份有限公司,Company
600271.SH,航天信息,航天信息股份有限公司,Company
600273.SH,嘉化能源,浙江嘉化能源化工股份有限公司,Company
600277.SH,亿利洁能,亿利洁能股份有限公司,Company
600281.SH,太化股份,太原化工股份有限公司,Company
600288.SH,大恒科技,大恒新纪元科技股份有限公司,Company
600289.SH,*ST信通,亿阳信通股份有限公司,Company
600291.SH,西水股份,内蒙古西水创业股份有限公司,Company
600299.SH,安迪苏,蓝星安迪苏股份有限公司,Company
600301.SH,ST南化,南宁化工股份有限公司,Company
600309.SH,万华化学,万华化学集团股份有限公司,Company
600311.SH,*ST荣华,甘肃荣华实业(集团)股份有限公司,Company
600315.SH,上海家化,上海家化联合股份有限公司,Company
600319.SH,ST亚星,潍坊亚星化学股份有限公司,Company
600322.SH,天房发展,天津市房地产发展(集团)股份有限公司,Company
600325.SH,华发股份,珠海华发实业股份有限公司,Company
600328.SH,中盐化工,中盐内蒙古化工股份有限公司,Company
600330.SH,天通股份,天通控股股份有限公司,Company
600331.SH,宏达股份,四川宏达股份有限公司,Company
600338.SH,西藏珠峰,西藏珠峰资源股份有限公司,Company
600339.SH,中油工程,中国石油集团工程股份有限公司,Company
600340.SH,华夏幸福,华夏幸福基业股份有限公司,Company
600345.SH,长江通信,武汉长江通信产业集团股份有限公司,Company
600352.SH,浙江龙盛,浙江龙盛集团股份有限公司,Company
600358.SH,*ST联合,国旅联合股份有限公司,Company
600362.SH,江西铜业,江西铜业股份有限公司,Company
600367.SH,红星发展,贵州红星发展股份有限公司,Company
600369.SH,西南证券,西南证券股份有限公司,Company
600376.SH,首开股份,北京首都开发股份有限公司,Company
600378.SH,昊华科技,昊华化工科技集团股份有限公司,Company
600383.SH,金地集团,金地(集团)股份有限公司,Company
600390.SH,五矿资本,五矿资本股份有限公司,Company
600393.SH,粤泰股份,广州粤泰集团股份有限公司,Company
600406.SH,国电南瑞,国电南瑞科技股份有限公司,Company
600409.SH,三友化工,唐山三友化工股份有限公司,Company
600410.SH,华胜天成,北京华胜天成科技股份有限公司,Company
600446.SH,金证股份,深圳市金证科技股份有限公司,Company
600455.SH,博通股份,西安博通资讯股份有限公司,Company
600456.SH,宝钛股份,宝鸡钛业股份有限公司,Company
600459.SH,贵研铂业,贵研铂业股份有限公司,Company
600463.SH,空港股份,北京空港科技园区股份有限公司,Company
600476.SH,湘邮科技,湖南湘邮科技股份有限公司,Company
600481.SH,双良节能,双良节能系统股份有限公司,Company
600487.SH,亨通光电,江苏亨通光电股份有限公司,Company
600489.SH,中金黄金,中金黄金股份有限公司,Company
600490.SH,鹏欣资源,鹏欣环球资源股份有限公司,Company
600497.SH,驰宏锌锗,云南驰宏锌锗股份有限公司,Company
600498.SH,烽火通信,烽火通信科技股份有限公司,Company
600503.SH,华丽家族,华丽家族股份有限公司,Company
600510.SH,黑牡丹,黑牡丹(集团)股份有限公司,Company
600522.SH,中天科技,江苏中天科技股份有限公司,Company
600531.SH,豫光金铅,河南豫光金铅股份有限公司,Company
600533.SH,栖霞建设,南京栖霞建设股份有限公司,Company
600536.SH,中国软件,中国软件与技术服务股份有限公司,Company
600547.SH,山东黄金,山东黄金矿业股份有限公司,Company
600549.SH,厦门钨业,厦门钨业股份有限公司,Company
600555.SH,*ST海创,海航创新股份有限公司,Company
600556.SH,天下秀,天下秀数字科技(集团)股份有限公司,Company
600562.SH,国睿科技,国睿科技股份有限公司,Company
600565.SH,迪马股份,重庆市迪马实业股份有限公司,Company
600568.SH,*ST中珠,中珠医疗控股股份有限公司,Company
600570.SH,恒生电子,恒生电子股份有限公司,Company
600571.SH,信雅达,信雅达系统工程股份有限公司,Company
600588.SH,用友网络,用友网络科技股份有限公司,Company
600593.SH,大连圣亚,大连圣亚旅游控股股份有限公司,Company
600595.SH,ST中孚,河南中孚实业股份有限公司,Company
600599.SH,*ST熊猫,熊猫金控股份有限公司,Company
600601.SH,方正科技,方正科技集团股份有限公司,Company
600606.SH,绿地控股,绿地控股集团股份有限公司,Company
600608.SH,ST沪科,上海宽频科技股份有限公司,Company
600615.SH,丰华股份,上海丰华(集团)股份有限公司,Company
600618.SH,氯碱化工,上海氯碱化工股份有限公司,Company
600621.SH,华鑫股份,上海华鑫股份有限公司,Company
600636.SH,国新文化,国新文化控股股份有限公司,Company
600638.SH,新黄浦,上海新黄浦实业集团股份有限公司,Company
600640.SH,号百控股,号百控股股份有限公司,Company
600641.SH,万业企业,上海万业企业股份有限公司,Company
600643.SH,爱建集团,上海爱建集团股份有限公司,Company
600654.SH,ST中安,中安科股份有限公司,Company
600657.SH,信达地产,信达地产股份有限公司,Company
600663.SH,陆家嘴,上海陆家嘴金融贸易区开发股份有限公司,Company
600665.SH,天地源,天地源股份有限公司,Company
600673.SH,东阳光,广东东阳光科技控股股份有限公司,Company
600675.SH,中华企业,中华企业股份有限公司,Company
600683.SH,京投发展,京投发展股份有限公司,Company
600684.SH,珠江实业,广州珠江实业开发股份有限公司,Company
600696.SH,ST岩石,上海贵酒股份有限公司,Company
600705.SH,中航资本,中航资本控股股份有限公司,Company
600706.SH,曲江文旅,西安曲江文化旅游股份有限公司,Company
600711.SH,盛屯矿业,盛屯矿业集团股份有限公司,Company
600714.SH,金瑞矿业,青海金瑞矿业发展股份有限公司,Company
600716.SH,凤凰股份,江苏凤凰置业投资股份有限公司,Company
600718.SH,东软集团,东软集团股份有限公司,Company
600722.SH,金牛化工,河北金牛化工股份有限公司,Company
600724.SH,宁波富达,宁波富达股份有限公司,Company
600728.SH,佳都科技,佳都新太科技股份有限公司,Company
600732.SH,爱旭股份,上海爱旭新能源股份有限公司,Company
600733.SH,北汽蓝谷,北汽蓝谷新能源科技股份有限公司,Company
600734.SH,*ST实达,福建实达集团股份有限公司,Company
600743.SH,华远地产,华远地产股份有限公司,Company
600745.SH,闻泰科技,闻泰科技股份有限公司,Company
600746.SH,江苏索普,江苏索普化工股份有限公司,Company
600748.SH,上实发展,上海实业发展股份有限公司,Company
600749.SH,西藏旅游,西藏旅游股份有限公司,Company
600754.SH,锦江酒店,上海锦江国际酒店股份有限公司,Company
600756.SH,浪潮软件,浪潮软件股份有限公司,Company
600764.SH,中国海防,中国船舶重工集团海洋防务与信息对抗股份有限公司,Company
600767.SH,ST运盛,运盛(成都)医疗科技股份有限公司,Company
600768.SH,宁波富邦,宁波富邦精业集团股份有限公司,Company
600773.SH,西藏城投,西藏城市发展投资股份有限公司,Company
600775.SH,南京熊猫,南京熊猫电子股份有限公司,Company
600776.SH,东方通信,东方通信股份有限公司,Company
600791.SH,京能置业,京能置业股份有限公司,Company
600797.SH,浙大网新,浙大网新科技股份有限公司,Company
600804.SH,鹏博士,鹏博士电信传媒集团股份有限公司,Company
600807.SH,济南高新,济南高新发展股份有限公司,Company
600816.SH,*ST安信,安信信托股份有限公司,Company
600823.SH,世茂股份,上海世茂股份有限公司,Company
600830.SH,香溢融通,香溢融通控股集团股份有限公司,Company
600837.SH,海通证券,海通证券股份有限公司,Company
600844.SH,丹化科技,丹化化工科技股份有限公司,Company
600845.SH,宝信软件,上海宝信软件股份有限公司,Company
600850.SH,华东电脑,上海华东电脑股份有限公司,Company
600862.SH,中航高科,中航航空高科技股份有限公司,Company
600888.SH,新疆众和,新疆众和股份有限公司,Company
600890.SH,中房股份,中房置业股份有限公司,Company
600958.SH,东方证券,东方证券股份有限公司,Company
600961.SH,株冶集团,株洲冶炼集团股份有限公司,Company
600985.SH,淮北矿业,淮北矿业控股股份有限公司,Company
600990.SH,四创电子,安徽四创电子股份有限公司,Company
600999.SH,招商证券,招商证券股份有限公司,Company
601007.SH,金陵饭店,金陵饭店股份有限公司,Company
601009.SH,南京银行,南京银行股份有限公司,Company
601099.SH,太平洋,太平洋证券股份有限公司,Company
601118.SH,海南橡胶,海南天然橡胶产业集团股份有限公司,Company
601137.SH,博威合金,宁波博威合金材料股份有限公司,Company
601166.SH,兴业银行,兴业银行股份有限公司,Company
601168.SH,西部矿业,西部矿业股份有限公司,Company
601169.SH,北京银行,北京银行股份有限公司,Company
601198.SH,东兴证券,东兴证券股份有限公司,Company
601208.SH,东材科技,四川东材科技集团股份有限公司,Company
601216.SH,君正集团,内蒙古君正能源化工集团股份有限公司,Company
601288.SH,农业银行,中国农业银行股份有限公司,Company
601318.SH,中国平安,中国平安保险(集团)股份有限公司,Company
601328.SH,交通银行,交通银行股份有限公司,Company
601336.SH,新华保险,新华人寿保险股份有限公司,Company
601377.SH,兴业证券,兴业证券股份有限公司,Company
601398.SH,工商银行,中国工商银行股份有限公司,Company
601519.SH,大智慧,上海大智慧股份有限公司,Company
601555.SH,东吴证券,东吴证券股份有限公司,Company
601588.SH,北辰实业,北京北辰实业股份有限公司,Company
601600.SH,中国铝业,中国铝业股份有限公司,Company
601601.SH,中国太保,中国太平洋保险(集团)股份有限公司,Company
601628.SH,中国人寿,中国人寿保险股份有限公司,Company
601677.SH,明泰铝业,河南明泰铝业股份有限公司,Company
601678.SH,滨化股份,滨化集团股份有限公司,Company
601688.SH,华泰证券,华泰证券股份有限公司,Company
601788.SH,光大证券,光大证券股份有限公司,Company
601818.SH,光大银行,中国光大银行股份有限公司,Company
601888.SH,中国中免,中国旅游集团中免股份有限公司,Company
601899.SH,紫金矿业,紫金矿业集团股份有限公司,Company
601901.SH,方正证券,方正证券股份有限公司,Company
601939.SH,建设银行,中国建设银行股份有限公司,Company
601958.SH,金钼股份,金堆城钼业股份有限公司,Company
601988.SH,中国银行,中国银行股份有限公司,Company
601998.SH,中信银行,中信银行股份有限公司,Company
603000.SH,人民网,人民网股份有限公司,Company
603002.SH,宏昌电子,宏昌电子材料股份有限公司,Company
603010.SH,万盛股份,浙江万盛股份有限公司,Company
603019.SH,中科曙光,曙光信息产业股份有限公司,Company
603025.SH,大豪科技,北京大豪科技股份有限公司,Company
603077.SH,和邦生物,四川和邦生物科技股份有限公司,Company
603099.SH,长白山,长白山旅游股份有限公司,Company
603188.SH,ST亚邦,江苏亚邦染料股份有限公司,Company
603199.SH,九华旅游,安徽九华山旅游发展股份有限公司,Company
603636.SH,南威软件,南威软件股份有限公司,Company
603869.SH,新智认知,新智认知数字科技股份有限公司,Company
000024.SZ,招商地产(退),招商局地产控股股份有限公司,Company
000562.SZ,宏源证券(退),宏源证券股份有限公司,Company
000602.SZ,金马集团(退),广东金马旅游集团股份有限公司,Company
000748.SZ,长城信息(退),长城信息产业股份有限公司,Company
000787.SZ,*ST创智(退),天珑科技集团股份有限公司,Company
000805.SZ,*ST炎黄(退),江苏高能时代在线股份有限公司,Company
000979.SZ,中弘退(退),中弘控股股份有限公司,Company
600175.SH,退美都(退),美都能源股份有限公司,Company
600205.SH,S山东铝(退),山东铝业股份有限公司,Company
600240.SH,退华业(退),北京华业资本控股股份有限公司,Company
600296.SH,S兰铝(退),兰州铝业股份有限公司,Company
600432.SH,退吉恩(退),吉林吉恩镍业股份有限公司,Company
600680.SH,*ST上普(退),上海普天邮通科技股份有限公司,Company
002450.SZ,*ST康得,康得新复合材料集团股份有限公司,Company
300028.SZ,金亚退(退),金亚科技股份有限公司,Company
300104.SZ,乐视退(退),乐视网信息技术(北京)股份有限公司,Company
300431.SZ,暴风退(退),暴风集团股份有限公司,Company
600074.SH,退保千(退),江苏保千里视像科技集团股份有限公司,Company
600485.SH,*ST信威,北京信威科技集团股份有限公司,Company
600677.SH,*ST航通,航天通信控股集团股份有限公司,Company
